"1 medium beer choice for the major &quot;"
"A good company &quot;"
"all great! greetings SOLOMODA Rozzano Plus Size &quot;"
"All refurbished &quot;"
"although I do not like sushi, this all u can eat deserves !! &quot;"
"A modern plant cheap especially for courses of children. Even the instructors are very prepared &quot;"
"A movie theater that? a small gem, with a selection of quality films? at a low price and quality? audio / video analog. &quot;"
"And the ice cream with crunchy chocolate paid? &quot;"
"B&#39;appetito &quot;"
"... Become Mayor of &quot;Saturday market&quot; Sunday ... well, something nn? clear users to foursquare &quot;"
"Be guided by Paul, the quality? commodity here? queen. &quot;"
"But for 15 minutes by metro, you should go downtown ??? &quot;"
"Cecconello much stuff !!! &quot;"
"Change the couriers; and maybe take them on time reliable &quot;"
"Chicken chicken is really good. It is a new style in Milano were fast food is not a culture. The chicken quality is really good. Kids area is a great idea"
"Chicken? really good ... And what about the cheese selection. &quot;"
"Choice of new and used video games in the media &quot;"
"Claudia Targetti advised me Forsquare &quot;"
"Comodo xi certified sports doctors &quot;"
"Competent and helpful staff. Qualke time you run into incredibly low prices as the deals flyer + 20 shopping vouchers? every 100 ?, which then add an extra 20% to purchases: Unbeatable &quot;"
"Country in the green, quiet, easy to reach by public transport. &quot;"
"Despite being the only possibility? eating something healthy inside the mall? dear as fire compared to that offering and quality? preparations? rather variable &quot;"
"Despite its name? primarily a pizza takeaway. &quot;"
"disorganization absolute. single queue at the cash infinite during the week. I dare not think we in the &quot;"
"Do not miss the Wiener Schnitzel! Order your 1 in 2 if you ate the first ...? HUGE! &quot;"
"Economic good clean &quot;"
"Equipped with various fast food (also MC), solarium, expert, toys center, gamesbond, footlocker, co import, maisons du monde and various other shops! &quot;"
"Fai Benza e vaiiiiiiiiii !!! &quot;"
"Fish really good !! And friendly staff. &quot;"
"Following my son in his passion, I'm able to discover very hidden football fields"
"Friendly place and good food &quot;"
"From Flax&#39;s coffe c &#39;? Wifi free:-) &quot;"
"Good and varied! &quot;"
"Good coffee, &#39;friendliness&#39; and sympathy &quot;"
"Good food."
"Good food fish and meat and a lot of laughs ????? &quot;"
"Great coffee &#39;, of course. &quot;"
"Great great great stuff to eat! The price does not? down to? meat? good, all in style States &quot;"
"Great ice cream in Via Manzoni !! &quot;"
"Great tortillas &quot;"
"Ha riaperto il kaiten sushi &quot;"
"Here you usually eat a pizza really great !! Eh eh !! ; -pp &quot;"
"High cutlet, french fries and sliced ??guns cream Absolutely YES !!! &quot;"
"If? passing it is worth to stop but go on purpose no &quot;"
"If you shoot the rereading to prestospesa not smadonnate please !! Think of the 20 extra points that you will receive;) &quot;"
"Inside the mall? the best coffee ?. Drinks are &quot;golosini&quot;! &quot;"
"It records the card to early spending from Mon to Fri and only xon identity card? dell&#39;intestatario the card &quot;"
"larded fillet ftw &quot;"
"Lots of items on sale, the salmon is cheaper here than carrefour!"
"Meeting point the Pontesestesi. &quot;"
"Need a photographer? Call GN Photography! &quot;"
"New course from November 2011 Volunteers &quot;"
"Nice pool with sauna and fitness center. Clean and not too crowded at lunch. &quot;"
"Not the massimopollo too greasy and fat ........ &quot;"
"Only place inside to eat &quot;healthy&quot; food .. the quality? leaves desired but cmq eatable .. high prices compared to the quality? hot deal ... &quot;"
"Only place nearby to get (in addition to the post office) your recharges Postepay and also enjoy an excellent Caff? :) &quot;"
"Our nest &quot;"
"Pizza and pasta dishes not bad. Council pizza Mediterranea &quot;"
"Pizza? very bad! &quot;"
"Pizzeria.Pizza very good. &quot;"
"Power Performance Nutrition Supplements and Nature&#39;s Best at discounted prices. Not to be missed! &quot;"
"Practically I go there just for a walk ... &quot;"
"Price / quality? not great &quot;"
"Prices pi? higher than in Milan center, and we are in the country: one slice of tarte tatin 10 euro. A Quality normal. Bad service. &quot;"
"Professionalism? guaranteed &quot;"
"Quality ?, hospitality and courtesy &quot;"
"relax in the open and mosquitoes; P &quot;"
"remember to download the Benz !!! &quot;"
"Seasonal fruit &quot;"
"Si sleeping ^^ &quot;"
"Slow slow slow &quot;"
"Small cinema. Low price (6:50?) Good films, but poor management, bad screen, good quality? audio &quot;"
"Strange !!! The granbrico opens at 9:30 ...... &quot;"
"The best Gnocchi I have ever had with Gambas (Shrimps). The Sea Food salad is a starter is also perfect."
"The best Jamon serrano of my life &quot;"
"The best place to spend evenings with friends &quot;"
"The best self-produced rice farm park south MILAN and courtesy in the old way. &quot;"
"The Calemme! a family that does not easily forget;) &quot;"
"The food is good and the types are cortesissimi &quot;"
"The ice cream shop? the best of all rozzano !!! &quot;"
"The mozzarillo? shameful &quot;"
"The only interesting thing? tower ... &quot;"
"There &#39;everything. Not bad. &quot;"
"The real Wiener schnitzel! Space! &quot;"
"The speakers have organized the single row, that &quot;should&quot; speed up payments &quot;"
"The specialty? and &#39;chicken devilled &quot;"
"The taste Morettino? fantastic! &quot;"
"The water? always pleasantly warm and clean. Not too crowded at lunch. The locker rooms are also clean and the staff friendly and helpful. &quot;"
"To go ... and go! Rustic, Garden; friendly staff, food quality? and inspiration. The cheese flan? delicious as an appetizer. &quot;"
"To me? loved it! The sushi was very good and also the sashimi was fresh. Ate like pigs with the all you can eat! A Quality very good price! &quot;"
"Truly exquisite the &quot;devilled chicken&quot;, also the ravioli are a kindness? !!!! &quot;"
"Try menu B5 at Kikko Kaiten, you can ask for fresh fruit instead of rice puding"
"Try pizzas, cakes and pastries! Delicious! &quot;"
"Try the Pici Senesi At Peasant With Sausage And Cream Truffle - #salsiccia #tartufo &quot;"
"Typical tobacco bar where you can? bring lunch break. The food? good and service? fast. Customers pi? aficionados are sometimes treated with delicacies from Campania. &quot;"
"Under the arcades. The flowers of bea ago of bouquets extraordinary !!!! &quot;"
"Usual stuff that sucks !!! &quot;"
"Very good !! &quot;"
"Want to delight in photography come to the course that I am organizing! &quot;"
"WelcomeThe International Church of Milan is a Bible believing English language fellowship established by men and women seeking to know God and to make Him known."
"We work:-))) &quot;"
"When you lack the hangers you know where to find them! &quot;"
"Wipe their feet before entering! &quot;"
"W la SATINOX &quot;"
"Your looming and &#39;near the exit, take advantage of it. &quot;"
